S2_1,S2_2,RSA
B,B,0.0
B,C,22.707317792165775
B,E,0.0
B,G,8.273118049999999
B,H,0.4200798266666667
B,S,18.3441614481761
B,T,22.062321809316547
C,B,19.425270697862967
C,C,95.33761420796652
C,E,15.101466002094341
C,G,45.4737574553699
C,H,44.638453489374015
C,P,93.02737388342156
C,S,78.44638112802132
C,T,60.64461577624242
E,B,0.0
E,C,17.831195206506095
E,E,11.611129155299228
E,G,11.636083945625
E,H,3.1672297725
E,S,16.290700134128688
E,T,32.85141031774038
G,B,7.7878052631250005
G,C,51.30758723420139
G,E,11.580780858666667
G,G,61.19465398141924
G,H,43.457514765
G,P,97.473197935
G,S,79.68060082293334
G,T,42.30734372647059
H,C,44.64641234262346
H,E,5.67107773
H,H,56.71794514263575
H,S,57.48571294108434
H,T,43.601319043913044
I,B,0.0
P,B,20.37924315727273
P,C,88.67260645264908
P,E,27.009135722499998
P,P,78.39629791606436
P,S,89.01191110253876
P,T,89.56902157192307
S,B,12.046137152101911
S,C,82.45351961273465
S,E,17.202356873502026
S,G,40.454656973333336
S,H,60.838265355163934
S,P,64.22900179333334
S,S,74.12346738311494
S,T,45.2928263611924
T,B,18.859022750614034
T,C,57.64320594024717
T,E,22.30602939661417
T,G,58.596210360530726
T,H,47.4651675977439
T,P,85.63303484142857
T,S,68.16586366809503
T,T,63.13988536246
