AA1,AA2,RSA
A,A,97.49524352652976
A,C,90.90635841085954
A,D,93.88055645262943
A,E,96.12224943428379
A,F,88.42274770048934
A,G,94.68962232346652
A,H,92.80947162837725
A,I,91.68112811209258
A,K,94.55824365717872
A,L,94.25632738213278
A,M,93.92437687914448
A,N,92.03225656615494
A,P,93.55759117928909
A,Q,95.58457331050393
A,R,95.52467519770121
A,S,96.45647455165025
A,T,94.75958918379676
A,V,93.46497404685998
A,W,77.60042801794118
A,Y,87.46497319649617
C,A,88.20554303235696
C,C,88.1948594282366
C,D,74.29399220674797
C,E,86.76656053234294
C,F,81.88418853192029
C,G,79.9569301455314
C,H,81.36739120753927
C,I,79.74717404352273
C,K,85.70616896418251
C,L,88.95328646028571
C,M,87.7133890936508
C,N,68.38992198676895
C,P,83.6760717507971
C,Q,90.67786989785569
C,R,86.78921167869186
C,S,92.50861132749226
C,T,88.32716631074241
C,V,84.33171158667236
C,W,85.18138052490741
C,Y,84.22891689666666
D,A,94.45987857107352
D,C,89.68177429248698
D,D,95.51735046623057
D,E,97.77847768263364
D,F,83.74986453903293
D,G,84.06932851021205
D,H,93.60698712520903
D,I,89.67249676582439
D,K,94.39039641925208
D,L,90.89205471083845
D,M,92.73538181370868
D,N,92.80382383336837
D,P,86.30494466850388
D,Q,95.06074390010752
D,R,95.86369657930686
D,S,96.18588414080388
D,T,94.98431499961916
D,V,90.52129504626383
D,W,84.30151735784769
D,Y,85.61163670528474
E,A,96.50658322314935
E,C,92.63296367502718
E,D,97.64989634209995
E,E,98.13504678776127
E,F,90.49342055028704
E,G,95.27651947577672
E,H,95.18791879870052
E,I,91.77544086375303
E,K,95.49831850254101
E,L,92.88066999744757
E,M,94.58346209414671
E,N,95.90562354159033
E,P,89.8744669532642
E,Q,97.7086511474377
E,R,96.20220181724649
E,S,96.86058860778392
E,T,95.69114996744081
E,V,92.72533457841459
E,W,89.80118325977124
E,Y,93.22721830758621
F,A,89.12771366551534
F,C,76.08125712637501
F,D,83.52601357446173
F,E,87.11370957647216
F,F,84.89353887002203
F,G,83.89636000691624
F,H,83.93595834245875
F,I,82.93446296929687
F,K,88.52350827407975
F,L,88.2013325889483
F,M,83.58918638109589
F,N,80.04332510675532
F,P,85.59327938640159
F,Q,90.54300440041958
F,R,89.00813039575641
F,S,91.33104069700818
F,T,88.3875091261931
F,V,84.94631706846965
F,W,79.4533470974359
F,Y,84.11020717440752
G,A,90.63315147237813
G,C,78.039033793084
G,D,87.08878623257581
G,E,92.74685427657525
G,F,77.91621757062856
G,G,86.11122235934668
G,H,87.98555772143493
G,I,78.67627833844024
G,K,90.74489284916328
G,L,87.12750064210363
G,M,85.48437167229086
G,N,85.03040662558737
G,P,87.48704101959866
G,Q,89.55570247107502
G,R,89.01581522257642
G,S,93.68580859234505
G,T,90.03188332745026
G,V,84.61754251883268
G,W,72.2778272817029
G,Y,70.3744181278686
H,A,93.31352005032534
H,C,85.9435546214823
H,D,90.07545488790068
H,E,94.44654787001522
H,F,86.9573923621831
H,G,93.32608720626818
H,H,92.02197104883773
H,I,90.99670973036193
H,K,94.04473020474907
H,L,91.5811491392651
H,M,91.32611054992267
H,N,91.54040933618599
H,P,90.20937533460616
H,Q,94.83076298221614
H,R,94.4222283975622
H,S,94.89888191659685
H,T,93.28572729760364
H,V,89.2404748346017
H,W,82.9508461161194
H,Y,84.81025219384057
I,A,92.17749584801663
I,C,84.09999096487981
I,D,91.43730774625
I,E,91.22543860114595
I,F,82.95438408498525
I,G,86.46369131045303
I,H,88.3538625058546
I,I,87.08099916387025
I,K,90.98899904177595
I,L,89.76669505991428
I,M,89.79595557721774
I,N,87.21781353646712
I,P,88.60835257871305
I,Q,90.85506060931758
I,R,91.07883993983506
I,S,92.59925735933103
I,T,88.95863324372407
I,V,87.83851032782837
I,W,83.8474785842029
I,Y,82.23052338164142
K,A,95.77536232553312
K,C,92.30896742745551
K,D,95.3571973571517
K,E,96.23122010147763
K,F,89.3224514784252
K,G,93.968329037968
K,H,94.20494317792813
K,I,92.29471464170355
K,K,97.26725942473301
K,L,93.05653607242398
K,M,93.85077353243145
K,N,95.75327286079192
K,P,93.19829142128299
K,Q,96.52295789229215
K,R,97.18883356021064
K,S,96.82494213844912
K,T,95.69534426516454
K,V,92.87445759149347
K,W,90.86794650293477
K,Y,89.03239200900602
L,A,93.62307473600177
L,C,87.77168080384101
L,D,92.33698833432446
L,E,92.47919891548418
L,F,85.31990889081395
L,G,92.63641444340212
L,H,90.21730039830932
L,I,87.60851597487482
L,K,91.30567652338901
L,L,90.45199286799135
L,M,90.51963786153084
L,N,89.72613972637892
L,P,88.7355669223052
L,Q,92.07953411372289
L,R,92.01806771787841
L,S,94.20560536119184
L,T,92.40409882315006
L,V,89.12394870956719
L,W,88.53647688235955
L,Y,82.29315966362611
M,A,94.36076678701095
M,C,86.68450716213333
M,D,91.92035885142857
M,E,93.95184843878681
M,F,88.53741957675
M,G,92.7498811934876
M,H,91.23294588233334
M,I,90.385346944875
M,K,92.44624876690419
M,L,90.54890379670398
M,M,91.70314920942708
M,N,89.66805974653117
M,P,86.80740182989011
M,Q,93.7495075193421
M,R,91.3860089642912
M,S,94.06961867362942
M,T,91.92441650318911
M,V,89.24126667975999
M,W,86.94986372324999
M,Y,87.52157546232557
N,A,93.3385105446339
N,C,83.7062026203125
N,D,92.81380895118897
N,E,95.94066767791118
N,F,85.99164337092438
N,G,92.09892108323943
N,H,92.36462753888554
N,I,90.07513038825883
N,K,94.76549264403658
N,L,91.1969275880187
N,M,92.12533653915979
N,N,91.09543037342507
N,P,85.01011241404355
N,Q,95.39292302665714
N,R,95.84518415737968
N,S,96.07952968876621
N,T,94.43879135005594
N,V,90.69138926298838
N,W,86.66800354975
N,Y,84.34507802856756
P,A,93.09639283611028
P,C,81.74168096648897
P,D,86.48282599733412
P,E,89.634051338353
P,F,78.48772268603798
P,G,91.11019977587345
P,H,87.34086698335774
P,I,83.54631185250746
P,K,89.72528816834307
P,L,86.21695541380863
P,M,84.53677434887254
P,N,87.7206328289438
P,P,79.98887467007546
P,Q,90.35477159436542
P,R,90.90063508670713
P,S,92.17509511535094
P,T,88.89860209415818
P,V,86.83737626133727
P,W,79.31714698526316
P,Y,70.67782247781842
Q,A,95.94917313494686
Q,C,89.78373972627779
Q,D,96.61709071008525
Q,E,96.56809004319057
Q,F,89.73515629865152
Q,G,94.26741573209623
Q,H,94.02273601943385
Q,I,92.96103152434276
Q,K,96.92732467221705
Q,L,93.52682161833555
Q,M,94.74379302489703
Q,N,95.54003594759969
Q,P,90.76985476643617
Q,Q,96.5932974515825
Q,R,95.86013314776078
Q,S,96.94231326685492
Q,T,95.26074018953807
Q,V,91.96385900855253
Q,W,89.08024039473683
Q,Y,91.42578639892966
R,A,95.67825256213472
R,C,88.1778313313382
R,D,96.28794719403409
R,E,96.13772676243063
R,F,89.25837471447657
R,G,95.32420017114079
R,H,93.86566601753705
R,I,90.49419263608766
R,K,96.99951907988358
R,L,92.75196164065417
R,M,92.51890230449713
R,N,94.2211714377736
R,P,91.65066631611641
R,Q,95.4087048354321
R,R,97.17877537655446
R,S,96.67990570202672
R,T,95.0100786747694
R,V,89.19759577913294
R,W,92.16626464675758
R,Y,90.46143576956081
S,A,95.97233433224844
S,C,91.88092935922157
S,D,94.70819143531583
S,E,96.96312887673552
S,F,90.76831868701916
S,G,94.80349209531872
S,H,93.62398640075617
S,I,92.06998451587302
S,K,96.55198110261767
S,L,94.2891846886987
S,M,94.3553811449311
S,N,94.12576951070547
S,P,93.88686717478976
S,Q,96.20063343611706
S,R,96.51332176307191
S,S,96.99551527281457
S,T,95.50839934574192
S,V,93.70668373952991
S,W,90.31813007270387
S,Y,91.86370350789062
T,A,95.12443793341659
T,C,86.4171507122796
T,D,92.05257062453865
T,E,95.3465954178598
T,F,86.50456436529561
T,G,92.59086149006289
T,H,92.02193319629525
T,I,90.49094282855614
T,K,95.09637999602175
T,L,92.66525927259288
T,M,93.27923538098315
T,N,91.26768256859349
T,P,90.99085699796798
T,Q,95.04264220633553
T,R,95.88287624398858
T,S,96.05640746806934
T,T,94.1728068822749
T,V,92.10514971283928
T,W,86.30450960869445
T,Y,87.70678624565701
V,A,93.06933725745931
V,C,88.1990474088535
V,D,90.77284605468107
V,E,91.80966597346294
V,F,84.80804489643
V,G,91.02501069352456
V,H,88.50824828103539
V,I,86.77306400183312
V,K,90.78381688366207
V,L,89.01067530299613
V,M,90.34225628947605
V,N,87.68929118595211
V,P,89.81955354152687
V,Q,90.95062508037915
V,R,92.2359992365674
V,S,92.9063776920381
V,T,90.09690083269838
V,V,88.71674961923321
V,W,83.53510657966666
V,Y,85.82724537358288
W,A,89.4379554432741
W,C,74.67026535189656
W,D,83.37446292841217
W,E,88.76281040980555
W,F,68.86060605423077
W,G,86.13178466992717
W,H,79.17510359327274
W,I,81.68735215292307
W,K,86.59035818753847
W,L,81.53617656521277
W,M,86.12629271792683
W,N,66.8759013712
W,P,86.7407467966055
W,Q,90.42872187859224
W,R,91.01952814571942
W,S,91.76205939714286
W,T,88.32000282513812
W,V,81.58479568738889
W,W,78.752308885
W,Y,79.52257772770834
Y,A,91.09132854486703
Y,C,77.29501875296748
Y,D,81.54909023142659
Y,E,92.01870105813472
Y,F,83.9802638245886
Y,G,88.44037130827012
Y,H,87.45303639661691
Y,I,84.72834815497312
Y,K,87.41198713001742
Y,L,90.3379661702491
Y,M,87.63105974736364
Y,N,78.24841928712544
Y,P,86.85267885771583
Y,Q,91.5270783678382
Y,R,92.81392380103642
Y,S,93.19064269830065
Y,T,88.08680160737904
Y,V,65.55513104748299
Y,W,70.36774318139534
Y,Y,87.6788368474436
