AA1,AA2,plDDT
A,A,36.27931086001494
A,C,36.47287210016771
A,D,37.82636998848749
A,E,35.691063374387795
A,F,36.05355075129235
A,G,38.23262055583101
A,H,37.67669903117892
A,I,36.80780963818774
A,K,37.82289902098027
A,L,36.00098408625543
A,M,36.9040304408365
A,N,39.30449616681559
A,P,41.44085515736621
A,Q,35.44236279162934
A,R,36.84823392374059
A,S,34.86410441666667
A,T,35.04678926082606
A,V,36.49896030282347
A,W,43.63139696676471
A,Y,39.83332478841432
C,A,40.393079040572204
C,C,37.637589327142855
C,D,51.3513550899458
C,E,40.83020934774869
C,F,40.05195667456522
C,G,46.43664249695652
C,H,43.40157053471204
C,I,42.858560634545455
C,K,40.28665401927757
C,L,36.677025248487396
C,M,39.08222213571429
C,N,56.40357403140794
C,P,45.186449279202904
C,Q,37.290223598516256
C,R,43.38008722593023
C,S,36.82837979731682
C,T,38.73075738366666
C,V,40.00385665890785
C,W,42.0772220825926
C,Y,37.575786987638885
D,A,38.23595315428757
D,C,39.49619782450521
D,D,42.66492756597855
D,E,38.67951153789862
D,F,43.12057613906722
D,G,46.36285881536477
D,H,39.899615341772574
D,I,39.382712180878045
D,K,39.97313593596811
D,L,38.91735948424185
D,M,38.448388411012395
D,N,40.264604660180176
D,P,46.88628239217616
D,Q,37.08972704672457
D,R,38.166923692305296
D,S,36.48109721994845
D,T,37.04587424077322
D,V,38.41014762952644
D,W,43.22483440384106
D,Y,43.51537590637813
E,A,35.32576375658627
E,C,35.84105975206522
E,D,38.160505825748004
E,E,36.01917670176521
E,F,36.464166563537034
E,G,38.01833061619986
E,H,37.78043532067282
E,I,37.14669083950766
E,K,36.75099884000293
E,L,36.38988524170162
E,M,35.5502693979491
E,N,35.72752163722647
E,P,42.224193602342545
E,Q,34.23201587005662
E,R,36.24805285528048
E,S,34.5994297052999
E,T,34.56197815014936
E,V,36.19556736971733
E,W,37.8825488993464
E,Y,36.254022910517236
F,A,38.85125000425439
F,C,43.267800016849996
F,D,45.97186602351674
F,E,39.4115440226571
F,F,39.76176201400881
F,G,44.75865480584602
F,H,39.36108913980198
F,I,40.506093733164064
F,K,39.01803675472392
F,L,37.8589306572973
F,M,40.09102750815068
F,N,47.396303248058516
F,P,43.47821078302187
F,Q,37.670069934685316
F,R,40.37794873148718
F,S,36.364443708843496
F,T,37.07293558648352
F,V,38.61121367390501
F,W,41.14423081794872
F,Y,38.56187877754335
G,A,41.66223852899668
G,C,47.38460306583429
G,D,45.572965186450766
G,E,40.534099119427665
G,F,47.01399286141429
G,G,44.34159667080249
G,H,42.78249991691781
G,I,47.63484809948683
G,K,43.259569435182776
G,L,43.02489637809068
G,M,45.6117503094852
G,N,47.242033859637644
G,P,47.56668522894091
G,Q,40.697976853896975
G,R,43.79920472003615
G,S,38.21254289866118
G,T,39.918027311259245
G,V,43.72809339421098
G,W,51.007246367657004
G,Y,53.79534601624875
H,A,36.83910953174657
H,C,38.66893809663717
H,D,41.71090295650113
H,E,35.62019783021309
H,F,37.62636613433803
H,G,37.74968380604681
H,H,38.78143279597953
H,I,36.72029488080429
H,K,37.16197031946096
H,L,36.46460189888889
H,M,37.248092858195875
H,N,39.80633428242587
H,P,42.78780831046233
H,Q,36.03177835648427
H,R,37.853855687985074
H,S,34.81271041678212
H,T,34.8803336603539
H,V,37.79272875061017
H,W,39.4728359397015
H,Y,42.35270529671497
I,A,35.70765597151179
I,C,36.307788371875
I,D,37.30955779156463
I,E,35.13605402775135
I,F,38.004277361356934
I,G,42.08489609076476
I,H,37.44701525602041
I,I,37.60022382713646
I,K,36.67379228345355
I,L,35.15032386601904
I,M,35.55133068181452
I,N,38.88252942091063
I,P,40.23652050899905
I,Q,35.42027021085135
I,R,37.04133692369791
I,S,33.944665555804924
I,T,34.921637169246736
I,V,35.78155869311734
I,W,37.27710124028986
I,Y,39.05661634964647
K,A,36.08608735086895
K,C,36.186085392170824
K,D,37.91341588814241
K,E,35.33361686790485
K,F,38.260367465958005
K,G,39.561026946276094
K,H,36.755015364663606
K,I,37.48119469875
K,K,37.28060492409876
K,L,36.02981283627486
K,M,37.51850096802559
K,N,37.44353261944876
K,P,40.47354870512284
K,Q,35.21012433055944
K,R,36.803124664850785
K,S,35.50297384249543
K,T,35.61884598605529
K,V,35.82360132005883
K,W,37.99793469347826
K,Y,39.53644588777109
L,A,35.79077953564727
L,C,37.01718381544062
L,D,37.03186580455423
L,E,35.09760758056013
L,F,37.24088919049248
L,G,38.38331522572887
L,H,36.52192907481153
L,I,37.35070931279555
L,K,36.616260770064656
L,L,36.471251582880925
L,M,36.23740088264317
L,N,37.726012246737966
L,P,41.01200836435065
L,Q,35.56321990368343
L,R,36.454413352151974
L,S,34.01182978443316
L,T,34.41026046576271
L,V,36.112960065018164
L,W,37.30061795752809
L,Y,41.56907658538288
M,A,36.11215962176839
M,C,38.060933329066664
M,D,38.095569322215326
M,E,35.213941081837305
M,F,37.7792999078
M,G,39.46475169371332
M,H,37.20666653316667
M,I,37.026900167499996
M,K,37.201449616756754
M,L,35.83549750042289
M,M,37.305989593229164
M,N,38.766720908780485
M,P,43.53835174535714
M,Q,34.822923972690056
M,R,38.278773903295026
M,S,34.71152813675263
M,T,34.90363783703526
M,V,37.11141327912
M,W,38.0957499505
M,Y,39.47930227302325
N,A,38.04590770654965
N,C,44.75517361013888
N,D,41.47036296758448
N,E,36.45467025106421
N,F,41.86756307941176
N,G,40.89663293316021
N,H,39.69072294815261
N,I,37.7004588722
N,K,38.743024396609755
N,L,38.1217611793064
N,M,37.84011017991736
N,N,41.396044839001014
N,P,47.53569203692068
N,Q,36.84288570235238
N,R,37.46665238159358
N,S,35.90110950779179
N,T,35.83874829428671
N,V,38.1196809027853
N,W,42.919999751300004
N,Y,44.07191878140541
P,A,36.35528320861654
P,C,39.69944845904412
P,D,39.261676346461
P,E,36.515643919933304
P,F,41.196810092253166
P,G,39.97825853216334
P,H,38.06776143324267
P,I,38.09568659952239
P,K,36.99556759550084
P,L,38.561425876410254
P,M,40.258071974052285
P,N,38.94841081412791
P,P,48.800679246226416
P,Q,36.5112350844293
P,R,38.188488666851995
P,S,34.215094190421134
P,T,35.103801580906165
P,V,36.756430203918924
P,W,40.08240616571429
P,Y,48.1474255404336
Q,A,34.507139573438074
Q,C,37.20914817381481
Q,D,36.158565555984715
Q,E,34.40998768963115
Q,F,36.51666662036364
Q,G,38.047779295578735
Q,H,35.38494914552163
Q,I,35.41575707941764
Q,K,35.11328227484021
Q,L,35.67586526655878
Q,M,34.070663600526316
Q,N,35.90235342230649
Q,P,39.45256740624114
Q,Q,34.424715017379995
Q,R,35.435380374635294
Q,S,33.79345479361047
Q,T,33.87829442478172
Q,V,35.30858860157177
Q,W,36.891403482631574
Q,Y,37.311314947278284
R,A,36.3996580093316
R,C,37.99357657377129
R,D,38.656227314174245
R,E,36.10462833801289
R,F,38.5001101061708
R,G,38.630553036764624
R,H,37.32359254397531
R,I,38.3787336812987
R,K,37.31937361186807
R,L,36.93710085293948
R,M,38.029942435603445
R,N,38.56531113933477
R,P,41.237900854169844
R,Q,37.28572311269841
R,R,37.15892652082339
R,S,35.80575648974827
R,T,36.34763215708099
R,V,37.94533718528902
R,W,36.83806058709091
R,Y,39.689932320371625
S,A,35.393179122644675
S,C,35.9391017893071
S,D,38.44992406819921
S,E,34.98035238010125
S,F,35.62405113122684
S,G,37.324460779817876
S,H,36.589435612893155
S,I,36.844701688620695
S,K,36.35113866458333
S,L,35.690012102966236
S,M,35.85030510847441
S,N,37.06934917029454
S,P,41.39751849343204
S,Q,35.58563891897938
S,R,36.14667405079774
S,S,34.72327157908892
S,T,33.94586027056317
S,V,35.58218096360743
S,W,35.85553648555794
S,Y,37.047745504743304
T,A,35.065481565746
T,C,40.051662584559196
T,D,38.95613033249135
T,E,35.412204541581445
T,F,35.655610076113206
T,G,38.15763741495215
T,H,36.36701359256787
T,I,35.86303923595366
T,K,36.24502482919876
T,L,35.28578843628127
T,M,35.492509417003745
T,N,38.333856418539234
T,P,39.171382800453536
T,Q,34.95493396216687
T,R,35.696149203064515
T,S,33.75267299006098
T,T,33.78069438675901
T,V,35.26729502187124
T,W,38.190277862555554
T,Y,38.43387526443207
V,A,35.58466207475087
V,C,35.80754775159235
V,D,37.175171445288065
V,E,35.18402458876762
V,F,36.37565995024
V,G,38.92101823929724
V,H,35.64773454922124
V,I,36.839658391248356
V,K,36.723365521862064
V,L,35.944501428170376
V,M,35.37808381736527
V,N,37.639122004982895
V,P,40.688538444550474
V,Q,34.5876461228436
V,R,35.53907000774294
V,S,34.47150398061753
V,T,35.02883258256335
V,V,36.36624736446643
V,W,35.199777772666664
V,Y,37.44788775184492
W,A,38.132436529847716
W,C,46.31069012344828
W,D,42.901081136554055
W,E,38.90283338783333
W,F,47.7200002425641
W,G,42.451771833276695
W,H,42.08654545872727
W,I,41.65615387030769
W,K,42.10453856553846
W,L,41.86156036184397
W,M,38.261951167804874
W,N,61.994733314600005
W,P,42.3222016846789
W,Q,37.30407768514563
W,R,37.74525171719424
W,S,34.99562766324675
W,T,36.53972378110497
W,V,39.55888890166666
W,W,39.0240004736
W,Y,44.23333342875
Y,A,39.535558543297874
Y,C,46.90902455666667
Y,D,49.895955738448755
Y,E,38.62753881919689
Y,F,40.27841769582278
Y,G,42.736013003237744
Y,H,40.61199011731343
Y,I,40.77080645586021
Y,K,43.42637638247387
Y,L,36.12035584715302
Y,M,39.945636177000004
Y,N,50.48320558250872
Y,P,43.25946050435252
Y,Q,37.555464155172416
Y,R,38.19067232677871
Y,S,35.68082513222222
Y,T,37.93260753787634
Y,V,50.72081626204082
Y,W,51.626278899767435
Y,Y,40.56578950255639
